timestamp,site_name,from_email,subject,body
2026-03-11T16:51:36,Lonny,submissions@lonny.com,Thank you for contacting Lonny! Re: Pitch: Mixing High and Low — Affordable Furniture That Looks Designer,"Thank you so much for your interest in publishing with Lonny! We are honored that you thought of us and can't wait to take a peek at your project. 
Due to the volume of inquiries we receive daily, unfortunately we are not able to respond directly to each pitch. Rest assured that we do check this account daily, and will absolutely be in touch if your pitch is a good fit for our publication. 
Thanks again for your interest and support! It means a lot. 
Sincerely, Michelle and the team at Lonny"
2026-03-11T16:51:37,Smithers of Stamford,gp@smithersofstamford.com,Re: Guest Post Submission: Industrial Style Furniture — How to Get the Look at Home,"*Hello*, Please find attached our* Terms and Conditions*. We kindly ask
that you *review them carefully.* If you have any questions, please ensure
they are not already addressed in our document before reaching out. !!

Kind Regards

SM




On Thu, 5 Mar 2026 at 06:19, shamiq@bygweb.com <shamiq@bygweb.com> wrote:

> Industrial Style Furniture: How to Get the Look at Home
>
>   Industrial style furniture has moved from converted lofts and warehouse
> apartments into mainstream home design. The raw, unfinished aesthetic that
> defined factory spaces now
>   brings character and warmth to living rooms, dining areas, and home
> offices across the country.
>
>   Here's how to bring the industrial look into your own home — without a
> full renovation.
>
>   Start With the Right Materials
>
>   Industrial design is defined by its materials. Look for furniture that
> features:
>
>   - Raw or reclaimed wood — Dining tables and shelving units made from
> reclaimed timber instantly bring industrial character. The imperfections in
> the wood — knots, grain
>   variations, and weathered edges — are what make each piece unique.
>   - Metal frames and accents — Iron, steel, and brushed metal legs on
> tables, chairs, and shelving units are the backbone of the industrial look.
> Black matte finishes work best,
>    though aged brass and copper can add warmth.
>   - Exposed hardware — Visible bolts, rivets, and welded joints celebrate
> the construction process rather than hiding it. This is the opposite of
> polished, high-gloss furniture
>   — and that's exactly the point.
>
>   Key Pieces to Anchor the Room
>
>   You don't need to furnish an entire room in industrial style. A few
> well-chosen pieces can set the tone while blending with what you already
> own.
>
>   The Dining Table. A solid wood table with metal legs is the single most
> impactful industrial piece you can buy. Pair it with mixed seating — metal
> chairs on one side, a
>   reclaimed wood bench on the other — for an authentic,
> collected-over-time feel.
>
>   Open Shelving. Metal-frame bookcases or wall-mounted pipe shelving
> replace bulky cabinets and keep the space feeling open. Use them to display
> books, plants, and vintage finds
>    alongside everyday items.
>
>   Statement Lighting. Pendant lights with metal shades, Edison bulb
> fixtures, or cage-style lamps can transform a room on their own. Hang a
> cluster of pendants over a kitchen
>   island or dining table for maximum effect.
>
>   A Leather Accent Chair. Distressed leather in brown or tan tones pairs
> perfectly with metal and wood. A vintage-style armchair or a tufted leather
> sofa adds comfort without
>   compromising the aesthetic.
>
>   Balancing Industrial With Liveable
>
>   The biggest mistake people make with industrial style is going too cold.
> A room full of metal and concrete feels like a workshop, not a home. The
> key is balance:
>
>   - Add textiles. Woven rugs, linen cushions, and knitted throws soften
> hard surfaces and make seating areas inviting.
>   - Bring in greenery. Plants are the easiest way to warm up an industrial
> space. Large-leaf plants like monstera or fiddle-leaf fig work particularly
> well against raw wood and
>   metal.
>   - Mix eras. Industrial furniture doesn't have to match. A mid-century
> modern sofa alongside a factory-style coffee table creates a layered,
> lived-in look that feels
>   intentional rather than rigid.
>
>   Where to Shop Smart
>
>   Getting the industrial look doesn't require spending thousands on
> bespoke pieces. Online furniture marketplaces now offer a wide range of
> industrial-style furniture — from
>   reclaimed wood dining tables to metal-frame shelving — at accessible
> price points. The key is to look for solid construction and authentic
> materials rather than printed-on
>   finishes that try to mimic the look.
>
>   When shopping online, pay attention to:
>
>   - Material descriptions — Solid wood and real metal versus particleboard
> with vinyl wrapping
>   - Construction details — Welded joints and dovetail joinery last longer
> than glued connections
>   - Weight — Genuine industrial furniture tends to be heavier, which is
> actually a sign of quality
>
>   The Bottom Line
>
>   Industrial style works because it celebrates honesty in design — real
> materials, visible construction, and function-first thinking. You don't
> need to live in a converted
>   warehouse to pull it off. A well-chosen dining table, a set of metal
> shelves, and the right lighting can transform any room into a space with
> character, warmth, and edge.
>
>   Start with one anchor piece, build around it, and let the room evolve
> naturally. That's the industrial way.
>
>   Author:  Shamiq is a Home & Furniture Specialist at OJCommerce(
> https://www.ojcommerce.com/), an online marketplace offering curated
> furniture collections for every style and budget. When not researching
> design
>   trends, he's helping homeowners find quality furniture without the
> designer markup.
>
>   I have high-resolution images (JPG, 1200px+) ready to accompany this
> article. Happy to send them over if you'd like to move forward.
>
>"
